Player,G,GS,MP,FG,FGA,FG%,3P,3PA,3P%,2P,2PA,2P%,FT,FTA,FT%,ORB,DRB,TRB,AST,STL,BLK,TOV,PF,PTS,League,Team,Position,Age,Avg_Salary,salary_float
Steven Adams,54,54,28.1,3.4,5.4,.620,0.0,0.1,.000,3.4,5.4,.626,1.1,2.4,.442,3.8,5.2,9.0,2.0,0.9,0.7,1.4,2.0,7.8,NBA,  NOP,C, 27 ,"$25,000,000  ",25000000.0
Giannis Antetokounmpo,48,48,33.7,10.4,18.4,.564,1.1,3.6,.297,9.3,14.7,.630,6.8,9.8,.688,1.7,9.4,11.2,6.0,1.1,1.3,3.7,2.8,28.5,NBA,  MIL,PF, 25 ,"$25,000,000  ",25000000.0
Trevor Ariza,18,15,26.6,2.8,7.2,.385,1.5,4.1,.365,1.3,3.1,.411,1.2,1.6,.750,0.7,3.5,4.2,1.7,0.7,0.6,0.7,1.6,8.2,NBA,  MIA,SF, 35 ,"$12,500,000  ",12500000.0
Marvin Bagley III,37,37,25.7,5.6,11.2,.502,0.9,2.6,.354,4.7,8.6,.547,1.6,2.9,.560,2.5,5.0,7.4,0.9,0.5,0.5,1.3,2.4,13.9,NBA,  SAC,PF, 21 ,"$12,724,946  ",12724946.0
Harrison Barnes,56,56,36.4,5.4,11.0,.494,1.6,4.3,.379,3.8,6.7,.568,3.4,4.1,.827,1.1,5.5,6.6,3.5,0.8,0.2,1.6,1.3,15.9,NBA,  SAC,SF, 28 ,"$21,250,000  ",21250000.0
Will Barton,55,51,31.5,4.7,11.1,.426,1.8,4.7,.381,2.9,6.4,.459,1.7,2.2,.785,0.7,3.4,4.1,3.3,0.9,0.4,1.7,1.7,12.9,NBA,  DEN,SF, 29 ,"$13,250,000  ",13250000.0
Bradley Beal,49,49,35.4,10.9,22.6,.482,2.2,6.4,.343,8.7,16.2,.538,7.0,7.8,.898,1.1,3.7,4.8,4.7,1.2,0.3,3.2,2.4,31.0,NBA,  WAS,SG, 27 ,"$25,434,263  ",25434263.0
Malik Beasley,37,36,32.8,7.1,16.2,.440,3.5,8.7,.399,3.7,7.5,.487,1.8,2.2,.850,0.8,3.6,4.4,2.4,0.8,0.2,1.6,1.7,19.6,NBA,  MIN,SG, 23 ,"$15,000,000  ",15000000.0
Patrick Beverley,31,31,23.4,2.6,6.1,.432,1.7,4.0,.416,1.0,2.1,.462,1.1,1.3,.805,0.9,2.7,3.6,2.1,0.8,0.8,0.9,3.1,8.0,NBA,  LAC,PG, 32 ,"$13,333,327  ",13333327.0
Eric Bledsoe,57,56,30.1,4.1,10.1,.407,1.8,5.1,.346,2.4,5.0,.469,1.8,2.4,.734,0.4,3.0,3.4,3.7,0.7,0.3,1.6,1.6,11.8,NBA,  NOP,PG, 30 ,"$17,500,000  ",17500000.0
Devin Booker,54,54,33.7,9.2,19.2,.482,2.0,5.8,.344,7.3,13.4,.541,4.9,5.6,.862,0.4,3.7,4.2,4.6,0.9,0.3,3.2,2.8,25.3,NBA,  PHX,SG, 23 ,"$31,650,600  ",31650600.0
Malcolm Brogdon,52,52,35.1,8.1,17.8,.455,2.7,6.8,.393,5.4,11.0,.493,2.7,3.1,.863,1.1,4.1,5.2,6.0,0.9,0.3,2.1,2.0,21.5,NBA,  IND,PG, 27 ,"$21,250,000  ",21250000.0
Jaylen Brown,53,53,34.2,9.3,18.8,.496,2.7,6.8,.404,6.6,12.0,.548,3.2,4.2,.754,1.2,4.6,5.8,3.4,1.2,0.5,2.7,2.9,24.5,NBA,  BOS,SG, 23 ,"$26,583,334  ",26583334.0
Jimmy Butler,42,42,33.8,7.1,14.4,.494,0.5,2.0,.229,6.6,12.4,.537,6.7,7.9,.855,1.9,5.3,7.2,7.3,2.1,0.4,2.1,1.5,21.4,NBA,  MIA,SF, 31 ,"$35,197,650  ",35197650.0
Kentavious Caldwell-Pope,54,54,27.3,3.2,7.4,.429,1.7,4.1,.420,1.4,3.2,.440,1.2,1.5,.848,0.4,2.3,2.7,1.6,0.8,0.3,1.0,1.6,9.3,NBA,  LAL,SG, 27 ,"$13,038,862  ",13038862.0
Clint Capela,52,52,30.5,6.8,11.3,.604,0.0,0.0,,6.8,11.3,.604,2.1,3.7,.579,4.9,9.8,14.7,0.8,0.7,2.2,1.2,2.3,15.7,NBA,  ATL,C, 26 ,"$18,000,000  ",18000000.0
Jordan Clarkson,55,1,26.0,6.4,15.1,.424,3.0,8.7,.350,3.4,6.4,.524,1.7,1.8,.949,0.7,3.2,4.0,2.1,0.9,0.1,1.7,1.5,17.5,NBA,  UTH,PG, 28 ,"$12,880,000  ",12880000.0
Mike Conley,47,47,29.7,5.6,12.5,.447,2.7,6.6,.412,2.9,5.9,.486,2.3,2.7,.857,0.7,2.7,3.4,5.9,1.3,0.2,1.9,2.0,16.2,NBA,  UTH,PG, 32 ,"$30,521,116  ",30521116.0
Stephen Curry,51,51,34.1,10.2,21.0,.486,5.1,12.1,.425,5.1,8.9,.570,5.6,6.0,.922,0.5,5.1,5.5,5.9,1.2,0.1,3.3,1.8,31.1,NBA,  GSW,PG, 32 ,"$40,231,758  ",40231758.0
Anthony Davis,23,23,32.8,8.9,16.7,.533,0.7,2.5,.293,8.1,14.1,.575,4.0,5.7,.715,2.0,6.3,8.4,3.0,1.3,1.8,2.0,1.8,22.5,NBA,  LAL,PF, 27 ,"$37,980,720  ",37980720.0
DeMar DeRozan,49,49,33.9,7.3,14.8,.492,0.4,1.4,.269,6.9,13.4,.515,6.1,6.9,.879,0.7,3.7,4.4,7.1,0.9,0.3,1.9,2.0,21.0,NBA,  SAS,SG, 31 ,"$27,800,000  ",27800000.0
Kevin Durant,24,22,32.7,9.3,17.1,.543,2.5,5.5,.462,6.8,11.6,.581,6.1,7.0,.870,0.4,6.3,6.7,5.2,0.6,1.3,3.7,2.0,27.3,NBA,  BKN,SF, 32 ,"$41,063,925  ",41063925.0
Joel Embiid,40,40,32.2,9.5,18.4,.515,1.2,3.1,.387,8.3,15.3,.541,10.0,11.8,.851,2.4,9.0,11.3,3.2,1.0,1.4,3.2,2.4,30.1,NBA,  PHI,C, 26 ,"$29,542,010  ",29542010.0
Evan Fournier,30,26,30.1,6.2,13.6,.457,2.8,7.0,.398,3.4,6.5,.520,3.4,4.2,.795,0.2,2.6,2.7,3.4,1.1,0.4,1.9,2.2,18.6,NBA,  BOS,SG, 27 ,"$17,000,000  ",17000000.0
Danilo Gallinari,39,4,24.0,4.0,9.5,.425,2.1,5.2,.407,1.9,4.2,.448,3.2,3.4,.933,0.3,3.8,4.1,1.4,0.6,0.2,1.0,2.1,13.4,NBA,  ATL,PF, 32 ,"$20,475,000  ",20475000.0
Rudy Gay,50,0,21.6,4.0,9.8,.414,1.6,4.2,.373,2.5,5.5,.446,1.3,1.6,.800,0.7,4.2,4.9,1.5,0.7,0.6,1.0,1.9,10.9,NBA,  SAS,SF, 34 ,"$16,000,000  ",16000000.0
Paul George,45,45,33.6,8.5,17.6,.483,3.3,7.6,.432,5.2,10.0,.521,3.6,4.0,.885,0.9,5.5,6.4,5.4,1.2,0.5,3.2,2.4,23.8,NBA,  LAC,SG, 30 ,"$34,227,984  ",34227984.0
Rudy Gobert,58,58,31.0,5.5,8.2,.673,0.0,0.1,.000,5.5,8.2,.677,3.4,5.6,.615,3.4,10.2,13.6,1.3,0.5,2.8,1.6,2.4,14.5,NBA,  UTH,C, 28 ,"$25,500,000  ",25500000.0
Aaron Gordon,38,38,28.6,4.8,10.5,.460,1.4,3.9,.354,3.5,6.7,.522,2.2,3.4,.651,1.5,4.6,6.1,3.7,0.7,0.7,2.2,1.8,13.3,NBA,  DEN,PF, 25 ,"$20,000,000  ",20000000.0
Eric Gordon,27,13,29.2,5.9,13.6,.433,2.6,7.8,.329,3.3,5.8,.573,3.5,4.2,.825,0.3,1.9,2.1,2.6,0.5,0.5,1.9,1.6,17.8,NBA,  HOU,SG, 31 ,"$18,893,589  ",18893589.0
Jerami Grant,51,51,34.2,7.5,17.3,.430,2.2,6.2,.357,5.3,11.2,.471,5.4,6.3,.854,0.7,4.0,4.6,2.9,0.7,1.1,2.0,2.4,22.5,NBA,  DET,PF, 26 ,"$20,002,500  ",20002500.0
Danny Green,57,57,28.6,3.4,8.0,.423,2.6,6.3,.418,0.8,1.7,.443,0.4,0.6,.758,0.8,2.9,3.8,1.7,1.3,0.9,1.0,1.9,9.8,NBA,  PHI,SG, 33 ,"$15,000,000  ",15000000.0
Draymond Green,51,51,30.8,2.5,6.1,.418,0.5,2.1,.255,2.0,4.0,.502,1.0,1.3,.779,0.9,5.6,6.5,8.5,1.7,0.8,2.9,3.2,6.7,NBA,  GSW,PF, 30 ,"$24,916,591  ",24916591.0
Tim Hardaway Jr.,56,20,28.3,5.6,12.7,.440,2.8,7.4,.385,2.8,5.3,.517,1.8,2.2,.800,0.3,3.0,3.3,1.7,0.4,0.1,0.9,1.5,15.8,NBA,  DAL,SG, 28 ,"$17,737,500  ",17737500.0
James Harden,42,42,37.1,8.0,17.2,.463,2.8,7.8,.358,5.2,9.4,.549,6.5,7.5,.870,0.8,7.2,8.0,10.9,1.2,0.7,4.1,2.3,25.2,NBA,  BKN,SG, 31 ,"$42,782,880  ",42782880.0
Gary Harris,25,24,29.4,3.6,8.5,.423,1.2,3.6,.341,2.4,4.9,.484,1.7,2.2,.778,0.6,1.6,2.2,1.9,0.8,0.3,0.9,2.0,10.1,NBA,  ORL,SG, 26 ,"$21,000,000  ",21000000.0
Joe Harris,59,55,30.8,5.3,10.3,.515,3.2,6.5,.482,2.1,3.7,.573,0.7,0.9,.759,0.6,2.9,3.6,1.8,0.7,0.2,0.8,2.0,14.4,NBA,  BKN,SG, 29 ,"$18,750,000  ",18750000.0
Tobias Harris,49,49,33.3,7.9,15.2,.521,1.4,3.5,.407,6.5,11.7,.555,3.2,3.6,.886,1.0,6.2,7.2,3.6,0.9,0.9,1.9,2.0,20.5,NBA,  PHI,SF, 28 ,"$36,000,000  ",36000000.0
Gordon Hayward,44,44,34.0,7.1,15.0,.473,1.9,4.7,.415,5.1,10.3,.499,3.5,4.2,.843,0.8,5.0,5.9,4.1,1.2,0.3,2.1,1.7,19.6,NBA,  CHA,SF, 30 ,"$30,000,000  ",30000000.0
Buddy Hield,58,58,34.3,5.7,14.1,.404,4.0,10.4,.385,1.7,3.7,.458,1.2,1.5,.837,0.4,4.1,4.5,3.1,0.8,0.4,1.7,2.5,16.6,NBA,  SAC,SG, 27 ,"$23,500,000  ",23500000.0
Jrue Holiday,45,42,31.9,6.9,13.6,.506,1.9,4.7,.404,5.0,8.8,.560,1.7,2.0,.837,1.3,3.2,4.5,5.5,1.8,0.5,2.1,1.7,17.4,NBA,  MIL,SG, 30 ,"$25,200,000  ",25200000.0
Al Horford,28,28,27.9,5.8,12.9,.450,2.0,5.4,.368,3.8,7.4,.510,0.6,0.8,.818,1.0,5.7,6.7,3.4,0.9,0.9,1.0,1.7,14.2,NBA,  OKC,PF, 34 ,"$27,250,000  ",27250000.0
Andre Iguodala,52,4,21.5,1.6,4.2,.385,1.0,3.2,.329,0.6,1.0,.556,0.4,0.7,.647,0.6,3.1,3.7,2.2,1.0,0.5,1.0,1.4,4.7,NBA,  MIA,SF, 36 ,"$15,000,000  ",15000000.0
Joe Ingles,54,17,27.2,4.2,8.0,.525,2.9,5.8,.494,1.4,2.2,.608,1.1,1.3,.857,0.4,3.3,3.7,4.4,0.7,0.2,1.6,1.9,12.4,NBA,  UTH,SF, 32 ,"$13,000,000  ",13000000.0
Brandon Ingram,53,53,34.7,8.5,18.2,.468,2.4,6.2,.382,6.2,12.0,.513,4.8,5.4,.885,0.6,4.4,4.9,4.8,0.7,0.7,2.5,2.0,24.2,NBA,  NOP,SF, 23 ,"$31,650,600  ",31650600.0
Kyrie Irving,43,43,35.2,10.5,20.4,.513,2.7,6.9,.391,7.8,13.5,.575,3.8,4.1,.916,1.1,3.8,4.8,6.2,1.3,0.6,2.4,2.7,27.4,NBA,  BKN,PG, 28 ,"$34,122,650  ",34122650.0
LeBron James,41,41,33.9,9.5,18.4,.513,2.4,6.5,.368,7.1,12.0,.592,4.1,5.8,.703,0.6,7.3,7.9,7.9,1.0,0.6,3.7,1.6,25.4,NBA,  LAL,SF, 35 ,"$38,328,212  ",38328212.0
James Johnson,40,6,20.1,2.7,6.1,.442,0.6,2.4,.260,2.1,3.7,.562,0.9,1.3,.642,0.6,2.7,3.3,2.0,0.9,0.9,1.1,2.3,6.8,NBA,  NOP,PF, 33 ,"$14,431,700  ",14431700.0
Cory Joseph,58,8,22.6,3.0,6.4,.463,0.7,2.1,.336,2.3,4.4,.522,1.2,1.4,.807,0.6,1.9,2.5,3.2,1.0,0.3,1.2,2.2,7.8,NBA,  DET,PG, 29 ,"$12,400,000  ",12400000.0
Zach LaVine,53,53,35.2,9.8,19.4,.506,3.4,8.2,.416,6.4,11.2,.572,4.4,5.2,.848,0.6,4.5,5.1,5.1,0.8,0.5,3.6,2.3,27.5,NBA,  CHI,SG, 25 ,"$19,500,000  ",19500000.0
Kawhi Leonard,46,46,34.4,9.4,18.2,.516,2.0,5.0,.393,7.4,13.2,.562,5.0,5.7,.878,1.1,5.5,6.7,5.1,1.7,0.4,2.0,1.7,25.7,NBA,  LAC,SF, 29 ,"$34,379,100  ",34379100.0
Caris LeVert,34,26,30.9,7.1,16.5,.431,1.7,5.6,.305,5.4,10.9,.495,2.6,3.2,.800,0.8,3.7,4.5,4.8,1.5,0.5,2.0,2.1,18.5,NBA,  IND,SG, 26 ,"$17,500,000  ",17500000.0
Damian Lillard,53,53,35.9,8.8,20.2,.439,4.0,10.8,.375,4.8,9.4,.511,6.8,7.4,.926,0.5,3.7,4.2,7.6,0.9,0.3,3.2,1.6,28.6,NBA,  POR,PG, 30 ,"$27,977,689  ",27977689.0
Brook Lopez,56,56,27.4,4.3,8.9,.483,1.5,4.4,.348,2.8,4.5,.613,1.6,1.8,.854,1.4,3.6,5.1,0.7,0.6,1.4,0.9,2.1,11.7,NBA,  MIL,C, 32 ,"$13,000,000  ",13000000.0
Kevin Love,15,15,22.5,4.0,9.9,.403,2.1,6.3,.326,1.9,3.6,.537,1.7,2.2,.758,0.7,5.9,6.6,2.3,0.5,0.1,1.3,0.9,11.7,NBA,  CLE,PF, 32 ,"$30,100,543  ",30100543.0
Kyle Lowry,41,41,34.6,5.6,12.9,.435,2.7,7.0,.389,2.9,5.9,.488,3.1,3.6,.877,0.8,4.7,5.5,7.2,1.0,0.2,2.9,3.1,17.0,NBA,  TOR,PG, 34 ,"$30,500,000  ",30500000.0
Khris Middleton,55,55,33.5,7.5,15.7,.479,2.2,5.2,.426,5.3,10.5,.504,3.1,3.4,.889,0.8,5.3,6.1,5.6,1.1,0.2,2.7,2.4,20.2,NBA,  MIL,SF, 29 ,"$35,500,000  ",35500000.0
Dejounte Murray,55,55,31.6,6.5,14.3,.451,1.0,3.1,.333,5.4,11.2,.484,1.6,2.0,.791,0.7,6.2,6.9,5.3,1.5,0.1,1.7,2.0,15.5,NBA,  SAS,PG, 24 ,"$15,955,000  ",15955000.0
Jamal Murray,48,48,35.5,7.9,16.5,.477,2.7,6.6,.408,5.2,9.9,.523,2.8,3.2,.869,0.8,3.3,4.0,4.8,1.3,0.3,2.3,2.0,21.2,NBA,  DEN,PG, 23 ,"$31,650,600  ",31650600.0
Victor Oladipo,33,33,32.7,7.1,17.5,.408,2.4,7.2,.326,4.8,10.2,.466,3.2,4.2,.754,0.4,4.5,4.8,4.6,1.4,0.4,2.5,2.5,19.8,NBA,  MIA,SG, 28 ,"$21,250,000  ",21250000.0
Kelly Olynyk,58,50,27.8,4.5,9.3,.481,1.8,5.4,.339,2.7,3.9,.675,1.2,1.4,.807,1.1,5.4,6.5,2.2,0.9,0.6,1.5,2.8,11.9,NBA,  HOU,PF, 29 ,"$12,500,000  ",12500000.0
Kelly Oubre Jr.,52,50,30.8,5.8,13.1,.439,1.6,5.1,.318,4.1,8.0,.516,2.2,3.1,.710,1.5,4.6,6.0,1.3,1.0,0.8,1.3,2.3,15.3,NBA,  GSW,SF, 24 ,"$15,000,000  ",15000000.0
Chris Paul,57,57,31.6,6.1,12.5,.487,1.4,3.6,.375,4.7,8.8,.533,2.4,2.6,.926,0.4,4.2,4.6,8.8,1.4,0.2,2.1,2.3,15.9,NBA,  PHX,PG, 35 ,"$39,932,648  ",39932648.0
Taurean Prince,41,10,22.1,3.2,8.0,.401,1.5,3.8,.400,1.7,4.2,.401,1.6,1.9,.855,0.5,3.0,3.5,1.9,0.7,0.6,1.1,1.8,9.5,NBA,  CLE,PF, 26 ,"$12,625,000  ",12625000.0
Julius Randle,59,59,37.5,8.4,18.3,.460,2.2,5.3,.410,6.3,13.1,.481,4.9,6.1,.807,1.3,9.2,10.5,6.1,1.0,0.3,3.5,3.2,23.9,NBA,  NYK,PF, 25 ,"$20,700,000  ",20700000.0
J.J. Redick,36,0,17.8,2.7,6.6,.405,1.6,4.4,.376,1.0,2.2,.463,1.3,1.4,.940,0.1,1.6,1.7,1.2,0.3,0.1,0.8,1.1,8.3,NBA,  DAL,SG, 36 ,"$13,250,000  ",13250000.0
Terrence Ross,46,2,29.3,5.5,13.4,.412,1.9,5.7,.337,3.6,7.7,.469,2.6,3.0,.870,0.3,3.1,3.4,2.3,1.0,0.5,1.6,1.9,15.6,NBA,  ORL,SG, 29 ,"$13,500,000  ",13500000.0
Terry Rozier,54,54,34.1,7.5,16.0,.468,3.4,8.3,.405,4.1,7.7,.535,2.4,2.9,.819,0.6,3.7,4.3,3.9,1.3,0.4,1.9,1.7,20.7,NBA,  CHA,PG, 26 ,"$18,900,000  ",18900000.0
Ricky Rubio,56,41,26.3,2.8,7.2,.380,0.9,2.9,.305,1.9,4.3,.432,2.0,2.4,.856,0.4,2.8,3.2,6.7,1.4,0.1,1.8,2.1,8.4,NBA,  MIN,PG, 29 ,"$17,000,000  ",17000000.0
D'Angelo Russell,30,19,27.6,6.8,15.4,.441,2.9,7.0,.412,3.9,8.4,.464,2.7,3.3,.800,0.4,2.1,2.5,5.1,1.0,0.4,2.8,1.8,19.2,NBA,  MIN,SG, 24 ,"$29,331,375  ",29331375.0
Domantas Sabonis,53,53,35.7,7.5,14.4,.520,0.8,2.6,.302,6.7,11.8,.568,4.1,5.6,.731,2.5,9.1,11.6,6.0,1.1,0.5,3.4,3.4,19.9,NBA,  IND,PF, 24 ,"$18,725,000  ",18725000.0
Dennis Schr√∂der,54,54,31.8,5.4,12.3,.434,1.1,3.3,.343,4.2,9.0,.467,3.6,4.2,.843,0.5,3.0,3.5,5.5,1.2,0.2,2.7,2.6,15.4,NBA,  LAL,PG, 27 ,"$17,500,000  ",17500000.0
Pascal Siakam,47,47,35.6,7.5,16.6,.454,1.2,4.3,.285,6.3,12.3,.513,4.7,5.6,.839,1.7,5.6,7.2,4.7,1.1,0.7,2.1,3.3,20.9,NBA,  TOR,PF, 26 ,"$34,226,304  ",34226304.0
Ben Simmons,48,48,33.3,5.7,10.4,.545,0.1,0.2,.300,5.6,10.2,.550,3.4,5.5,.615,1.7,6.0,7.6,7.1,1.6,0.6,3.3,3.1,14.8,NBA,  PHI,PG, 24 ,"$35,448,672  ",35448672.0
Marcus Smart,38,35,32.6,4.3,10.4,.411,2.1,5.8,.355,2.2,4.7,.480,2.8,3.6,.788,0.7,2.7,3.3,5.6,1.5,0.5,1.8,2.5,13.5,NBA,  BOS,PG, 26 ,"$12,999,975  ",12999975.0
Karl-Anthony Towns,38,38,34.2,8.6,17.6,.490,2.5,6.2,.400,6.1,11.4,.539,5.1,5.8,.874,2.7,8.2,10.9,4.6,0.7,1.4,3.2,3.6,24.8,NBA,  MIN,C, 24 ,"$31,650,600  ",31650600.0
Myles Turner,47,47,31.0,4.4,9.2,.477,1.5,4.4,.335,2.9,4.8,.606,2.4,3.0,.782,1.3,5.2,6.5,1.0,0.9,3.4,1.4,3.5,12.6,NBA,  IND,C, 24 ,"$20,000,000  ",20000000.0
Fred VanVleet,46,46,36.1,6.4,16.3,.391,3.3,9.0,.369,3.1,7.3,.418,3.4,3.8,.886,0.6,3.5,4.1,6.1,1.7,0.8,1.9,2.4,19.4,NBA,  TOR,PG, 26 ,"$21,250,000  ",21250000.0
Kemba Walker,37,37,31.4,6.1,15.2,.401,2.8,8.0,.345,3.4,7.2,.464,2.8,3.0,.937,0.3,3.6,3.9,5.1,1.1,0.3,2.1,1.4,17.8,NBA,  BOS,PG, 30 ,"$35,197,650  ",35197650.0
John Wall,39,39,32.0,7.3,18.1,.403,2.0,6.2,.322,5.3,11.8,.446,3.8,5.2,.743,0.4,2.8,3.2,6.7,1.1,0.7,3.5,1.1,20.4,NBA,  HOU,PG, 30 ,"$42,782,880  ",42782880.0
Russell Westbrook,51,51,35.6,8.2,18.9,.436,1.3,4.1,.310,6.9,14.7,.471,3.9,6.3,.620,1.7,9.5,11.1,10.9,1.3,0.4,5.1,2.8,21.6,NBA,  WAS,PG, 31 ,"$41,358,814  ",41358814.0
Andrew Wiggins,59,59,32.9,6.8,14.5,.472,2.0,5.2,.379,4.9,9.3,.524,2.4,3.5,.701,1.0,3.8,4.8,2.3,1.0,0.9,1.8,2.2,18.1,NBA,  GSW,SF, 25 ,"$29,542,010  ",29542010.0
Justise Winslow,18,0,20.6,3.0,8.6,.348,0.3,2.3,.122,2.7,6.3,.430,0.6,1.0,.556,0.7,3.7,4.4,1.8,0.7,0.4,1.7,1.9,6.8,NBA,  MEM,SF, 24 ,"$13,000,000  ",13000000.0
Christian Wood,36,36,31.9,8.1,15.3,.529,1.8,4.8,.380,6.3,10.6,.596,2.9,4.6,.628,1.7,7.6,9.3,1.5,0.9,1.3,1.8,2.1,20.9,NBA,  HOU,PF, 25 ,"$13,666,667  ",13666667.0
Thaddeus Young,54,17,24.1,5.5,9.6,.574,0.2,0.6,.265,5.4,9.0,.596,1.0,1.6,.631,2.4,3.8,6.2,4.2,1.1,0.6,2.0,2.4,12.2,NBA,  CHI,PF, 32 ,"$14,545,000  ",14545000.0
Cody Zeller,37,20,21.2,3.6,6.7,.540,0.1,0.7,.120,3.5,6.0,.587,1.6,2.2,.735,2.6,4.4,7.0,1.9,0.6,0.4,1.0,2.4,9.0,NBA,  CHA,C, 27 ,"$14,000,000  ",14000000.0
DeWanna Bonner,22,22,732,6.7,16.0,0.42200000000000004,1.2,4.9,0.252,5.5,11.1,0.496,5.0,5.6,0.895,1.5,6.3,7.8,3.0,1.7,0.5,2.4,2.1,19.7,WNBA,  CON,F,33,"$224,870  ",
Skylar Diggins-Smith,22,22,675,5.8,12.2,0.474,2.1,5.3,0.397,3.7,6.9,0.5329999999999999,4.1,4.5,0.9,0.5,2.8,3.3,4.2,0.9,0.5,3.2,2.3,17.7,WNBA,  PHX,G,30,"$224,870  ",
Diana Taurasi,19,19,533,5.1,12.4,0.409,3.2,8.8,0.365,1.8,3.6,0.515,5.4,5.9,0.912,0.1,4.1000000000000005,4.2,4.5,1.0,0.4,2.3,2.7,18.7,WNBA,  PHX,G,38,"$224,772  ",
Natasha Howard,22,22,463,4.0,7.5,0.53,0.3,0.9,0.35,3.6,6.5,0.556,1.3,1.6,0.778,2.4,4.699999999999999,7.1,1.0,1.7,0.6,2.1,3.0,9.5,WNBA,  NY,F,29,"$224,675  ",
Brittney Griner,12,12,382,7.3,14.6,0.49700000000000005,0.0,0.1,0.0,7.3,14.5,0.5,3.2,3.9,0.809,1.5,6.0,7.5,3.0,0.3,1.8,2.5,2.5,17.7,WNBA,  PHX,C,30,"$221,515  ",
Sue Bird,11,11,257,3.7,7.5,0.494,2.1,4.5,0.469,1.6,3.1,0.529,0.3,0.4,0.75,0.1,1.5999999999999999,1.7,5.2,0.6,0.2,1.6,0.8,9.8,WNBA,  SEA,G,40,"$221,450  ",
Alyssa Thomas,21,21,689,5.8,11.6,0.5,0.0,0.0,0.0,5.8,11.6,0.502,3.9,5.6,0.6859999999999999,1.9,7.1,9.0,4.8,2.0,0.3,2.5,2.8,15.5,WNBA,  CON,F,29,"$209,000  ",
Courtney Vandersloot,22,22,693,4.9,9.9,0.491,1.4,3.5,0.395,3.5,6.5,0.542,2.5,2.9,0.889,0.5,3.0,3.5,10.0,1.2,0.4,2.5,2.1,13.6,WNBA,  CHI,G,32,"$203,000  ",
Allie Quigley,22,22,631,5.9,13.1,0.44799999999999995,2.1,6.0,0.34600000000000003,3.8,7.0,0.535,1.5,1.7,0.919,0.3,2.6,2.9,2.4,0.6,0.3,1.3,1.4,15.4,WNBA,  CHI,G,34,"$197,000  ",
Kayla McBride,22,22,587,4.1,9.6,0.425,1.1,3.3,0.342,3.0,6.3,0.46799999999999997,3.2,3.5,0.897,0.4,1.9,2.3,2.4,1.2,0.1,1.4,1.4,12.5,WNBA,  MIN,G,28,"$196,267  ",
Aerial Powers,6,6,179,5.3,11.5,0.46399999999999997,1.5,4.3,0.34600000000000003,3.8,7.2,0.535,4.2,5.0,0.833,0.3,4.5,4.8,2.5,1.5,0.0,1.8,2.7,16.3,WNBA,  MIN,F,27,"$196,267  ",
Betnijah Laney,22,22,738,6.5,13.5,0.48100000000000004,1.4,3.4,0.405,5.1,10.1,0.507,2.8,3.4,0.8270000000000001,1.1,3.8000000000000003,4.9,4.0,1.6,0.1,3.0,2.5,17.2,WNBA,  NY,G,27,"$196,267  ",
Chelsea Gray,22,22,679,5.5,12.5,0.442,0.8,2.7,0.305,4.7,9.9,0.479,2.1,2.2,0.9390000000000001,0.7,3.0,3.7,5.3,1.5,0.1,2.7,1.7,14.0,WNBA,  LV,G,28,"$193,409  ",
Nneka Ogwumike,18,18,476,5.3,9.3,0.569,0.5,1.0,0.5,4.8,8.3,0.5770000000000001,2.3,2.7,0.8370000000000001,1.2,3.5999999999999996,4.8,1.7,1.1,0.2,1.6,2.3,13.3,WNBA,  LA,F,30,"$193,409  ",
Candace Parker,22,22,665,5.6,11.0,0.51,0.9,2.2,0.396,4.8,8.9,0.5379999999999999,2.6,3.5,0.731,1.7,7.999999999999999,9.7,4.6,1.2,1.2,2.9,2.3,14.7,WNBA,  CHI,F,35,"$192,500  ",
Cheyenne Parker,20,13,497,4.9,8.8,0.5539999999999999,0.8,1.6,0.469,4.1,7.2,0.573,2.9,3.4,0.853,2.4,4.0,6.4,1.5,1.3,0.9,2.8,3.2,13.4,WNBA,  ATL,F,28,"$190,550  ",
Bria Hartley,13,3,322,5.1,12.1,0.42,1.9,5.0,0.385,3.2,7.1,0.446,2.5,3.2,0.805,0.4,2.5,2.9,4.5,1.2,0.0,2.1,2.5,14.6,WNBA,  PHX,G,28,"$190,517  ",
Jasmine Thomas,19,19,485,4.0,9.9,0.40399999999999997,1.1,3.3,0.33299999999999996,2.9,6.6,0.44,1.1,1.2,0.9129999999999999,0.2,1.5,1.7,4.0,1.3,0.3,2.4,1.6,10.2,WNBA,  CON,G,31,"$188,333  ",
Courtney Williams,20,14,615,6.7,15.4,0.436,0.4,1.7,0.235,6.3,13.7,0.462,0.8,1.2,0.696,1.9,5.300000000000001,7.2,3.2,0.7,0.1,2.7,2.0,14.6,WNBA,  ATL,G,26,"$187,750  ",
Breanna Stewart,20,20,607,6.7,14.8,0.451,1.8,4.8,0.368,4.9,10.0,0.49,4.7,5.2,0.894,1.0,7.300000000000001,8.3,3.6,1.7,1.3,2.6,2.3,19.7,WNBA,  SEA,F,26,"$187,750  ",
Angel McCoughtry,22,22,440,5.3,10.3,0.518,0.7,1.5,0.47100000000000003,4.6,8.7,0.526,3.0,3.5,0.882,1.7,3.3999999999999995,5.1,2.5,1.3,0.3,1.7,2.2,14.4,WNBA,  LV,F,34,"$187,750  ",
Alysha Clark,22,22,633,3.7,6.7,0.5579999999999999,1.6,3.0,0.522,2.1,3.6,0.588,0.9,1.1,0.8,0.9,3.3000000000000003,4.2,2.7,1.5,0.5,0.9,1.7,10.0,WNBA,  WAS,F,33,"$183,000  ",
Stefanie Dolson,15,8,273,2.3,4.7,0.486,0.8,2.1,0.375,1.5,2.5,0.579,0.9,1.3,0.737,0.7,2.8,3.5,1.7,0.4,0.9,1.0,3.2,6.3,WNBA,  CHI,C,29,"$177,625  ",
Moriah Jefferson,9,6,148,2.0,4.9,0.409,0.2,0.7,0.33299999999999996,1.8,4.2,0.42100000000000004,0.8,1.3,0.583,0.9,2.2,3.1,2.0,0.8,0.2,1.7,1.9,5.0,WNBA,  DAL,G,27,"$175,067  ",
Shekinna Stricklen,22,15,482,2.1,6.3,0.341,1.5,4.5,0.33299999999999996,0.6,1.8,0.359,0.4,0.4,1.0,0.2,1.7,1.9,0.6,0.3,0.0,0.7,2.0,6.1,WNBA,  ATL,F,30,"$172,550  ",
Ariel Atkins,22,22,682,5.0,11.4,0.43799999999999994,2.0,4.9,0.41100000000000003,3.0,6.5,0.45799999999999996,2.8,3.2,0.8859999999999999,0.8,2.0999999999999996,2.9,2.4,1.8,0.2,1.9,2.6,14.8,WNBA,  WAS,G,24,"$172,500  ",
Candice Dupree,22,22,665,5.3,11.4,0.462,0.1,0.8,0.16699999999999998,5.1,10.6,0.485,1.9,2.2,0.8540000000000001,1.2,4.5,5.7,2.5,0.7,0.4,1.3,1.2,12.5,WNBA,  SEA,F,36,"$170,000  ",
Kahleah Copper,22,22,688,6.0,12.1,0.496,1.0,2.8,0.344,5.0,9.3,0.541,1.9,2.6,0.737,1.0,4.5,5.5,2.1,1.0,0.2,2.5,2.4,14.9,WNBA,  CHI,G,26,"$165,000  ",
Allisha Gray,20,14,524,4.6,9.8,0.46399999999999997,1.3,3.6,0.35200000000000004,3.3,6.3,0.528,2.7,3.3,0.831,1.4,2.8000000000000003,4.2,1.3,1.1,0.3,1.1,1.9,13.1,WNBA,  DAL,G,26,"$164,800  ",
Natalie Achonwa,18,11,364,3.2,6.4,0.496,0.0,0.6,0.0,3.2,5.8,0.5429999999999999,1.4,1.8,0.813,1.4,4.1,5.5,1.7,0.5,0.6,1.8,2.6,7.8,WNBA,  MIN,C,28,"$159,867  ",
Danielle Robinson,22,1,492,2.8,5.5,0.512,0.2,0.6,0.385,2.6,4.9,0.528,1.5,1.9,0.81,0.2,2.1999999999999997,2.4,3.2,0.9,0.1,1.3,1.7,7.4,WNBA,  IND,G,31,"$155,000  ",
Isabelle Harrison,13,11,258,2.6,5.8,0.447,0.0,0.2,0.0,2.6,5.6,0.466,1.2,1.5,0.789,1.5,3.0999999999999996,4.6,1.5,0.7,0.4,1.4,2.5,6.4,WNBA,  DAL,F,27,"$154,455  ",
Sami Whitcomb,22,0,363,2.8,6.4,0.44299999999999995,1.5,3.8,0.381,1.4,2.5,0.536,1.0,1.0,1.0,0.2,2.0999999999999996,2.3,2.0,0.7,0.1,1.0,1.4,8.1,WNBA,  NY,G,32,"$150,350  ",
Tiffany Mitchell,19,11,502,3.9,11.3,0.34600000000000003,0.9,3.8,0.233,3.0,7.4,0.40399999999999997,4.1,4.3,0.951,0.8,2.5999999999999996,3.4,2.6,0.6,0.1,2.4,2.6,12.7,WNBA,  IND,G,26,"$144,242  ",
Tianna Hawkins,17,5,329,3.1,7.6,0.408,1.0,3.4,0.298,2.1,4.3,0.493,1.3,1.5,0.846,0.7,2.8,3.5,1.0,0.8,0.4,1.2,2.6,8.5,WNBA,  ATL,F,30,"$142,100  ",
Leilani Mitchell,22,22,673,3.3,8.1,0.408,1.3,4.3,0.305,2.0,3.8,0.524,1.5,1.8,0.872,0.5,2.3,2.8,5.4,0.8,0.0,1.7,2.1,9.5,WNBA,  WAS,G,35,"$125,250  ",
Brionna Jones,21,21,549,4.7,7.7,0.605,0.0,0.0,1.0,4.6,7.7,0.602,1.8,2.6,0.691,2.8,2.8,5.6,1.0,1.7,0.7,1.6,3.1,11.2,WNBA,  CON,C,25,"$120,000  ",
Layshia Clarendon,19,19,496,3.9,8.4,0.465,0.8,2.3,0.341,3.1,6.1,0.513,2.9,3.3,0.873,0.3,2.2,2.5,3.9,0.9,0.0,3.4,2.9,11.5,WNBA,  NY,G,29,"$120,000  ",
Briann January,13,10,303,1.7,5.8,0.293,0.8,2.4,0.355,0.8,3.4,0.25,0.8,0.9,0.833,0.3,0.8999999999999999,1.2,3.4,0.6,0.2,1.2,1.9,5.0,WNBA,  CON,G,34,"$119,500  ",
Jewell Loyd,22,22,613,5.1,11.5,0.44299999999999995,1.8,4.5,0.39,3.3,7.0,0.47700000000000004,3.5,4.0,0.875,0.6,1.7999999999999998,2.4,3.2,1.5,0.3,1.9,1.5,15.5,WNBA,  SEA,G,27,"$119,500  ",
Dearica Hamby,22,0,622,5.0,9.3,0.539,0.8,1.7,0.474,4.2,7.5,0.5539999999999999,2.2,3.0,0.716,1.3,5.8,7.1,2.7,1.7,0.2,2.0,2.3,13.0,WNBA,  LV,F,27,"$117,000  ",
Elizabeth Williams,22,22,647,4.0,8.1,0.489,0.0,0.0,,4.0,8.1,0.489,2.2,3.0,0.742,2.2,3.5,5.7,1.4,0.8,1.4,1.1,2.6,10.1,WNBA,  ATL,C,27,"$116,000  ",
Sylvia Fowles,7,7,168,5.6,9.1,0.609,0.0,0.0,,5.6,9.1,0.609,3.4,4.1,0.828,3.0,6.699999999999999,9.7,0.9,0.9,1.1,1.1,2.6,14.6,WNBA,  MIN,C,35,"$115,627  ",
Epiphanny Prince,15,0,190,1.5,3.8,0.386,0.6,1.8,0.33299999999999996,0.9,2.0,0.433,0.7,0.9,0.846,0.1,1.0999999999999999,1.2,1.4,0.4,0.1,0.8,1.5,4.3,WNBA,  SEA,G,33,"$115,000  ",
Brittney Sykes,21,14,517,3.5,7.1,0.48700000000000004,0.8,2.3,0.327,2.7,4.8,0.564,2.4,3.0,0.8059999999999999,0.8,1.8,2.6,2.1,1.5,0.3,1.7,3.0,10.1,WNBA,  LA,G,27,"$111,650  ",
Kia Vaughn,22,10,415,2.8,5.8,0.488,0.0,0.1,0.0,2.8,5.7,0.496,0.5,0.9,0.579,1.1,2.5,3.6,1.5,0.5,0.3,1.5,1.8,6.1,WNBA,  PHX,C,34,"$110,000  ",
Damiris Dantas,22,22,586,4.6,10.0,0.46399999999999997,1.8,4.1,0.433,2.9,5.9,0.485,1.8,2.5,0.727,1.7,4.3999999999999995,6.1,2.6,1.1,0.2,1.8,2.5,12.9,WNBA,  MIN,F,28,"$105,000  ",
Kayla Thornton,22,14,557,2.5,5.7,0.429,1.1,3.3,0.34700000000000003,1.3,2.5,0.537,1.3,1.5,0.875,1.5,3.5999999999999996,5.1,0.8,0.9,0.2,1.1,3.0,7.3,WNBA,  DAL,F,28,"$101,985  ",
Rachel Banham,20,1,339,2.4,5.2,0.462,1.3,2.7,0.47200000000000003,1.2,2.6,0.451,0.8,1.0,0.8,0.1,1.2,1.3,2.4,0.5,0.1,1.0,2.0,6.9,WNBA,  MIN,G,27,"$101,500  ",
Riquna Williams,21,4,444,3.9,8.9,0.435,2.0,4.9,0.42200000000000004,1.8,4.0,0.452,0.8,0.9,0.889,0.1,1.7,1.8,1.5,1.1,0.3,0.9,2.0,10.5,WNBA,  LV,G,30,"$91,250  ",
Tierra Ruffin-Pratt,17,10,251,0.7,2.6,0.267,0.4,0.8,0.462,0.4,1.9,0.188,1.1,1.5,0.731,0.5,1.6,2.1,0.9,0.6,0.2,0.5,1.6,2.9,WNBA,  LA,G,30,"$90,000  ",
Shatori Walker-Kimbrough,21,10,400,2.6,6.0,0.429,1.0,2.4,0.431,1.5,3.6,0.42700000000000005,1.1,1.2,0.92,0.3,1.3,1.6,1.5,1.1,0.4,1.0,1.1,7.3,WNBA,  ATL,G,25,"$85,000  ",
Sydney Wiese,19,15,363,2.5,4.9,0.505,1.3,2.8,0.47200000000000003,1.2,2.1,0.55,0.6,0.6,0.917,0.3,1.4,1.7,1.2,0.6,0.1,1.2,0.9,6.8,WNBA,  LA,G,25,"$76,800  ",
Odyssey Sims,13,7,240,3.2,8.0,0.40399999999999997,0.6,1.8,0.33299999999999996,2.6,6.2,0.425,2.3,2.5,0.909,0.6,1.4,2.0,3.5,0.5,0.1,1.9,1.7,9.4,WNBA,  ATL,G,28,"$75,000  ",
Erica McCall,20,0,183,0.8,2.3,0.35600000000000004,0.1,0.2,0.25,0.8,2.1,0.366,0.9,1.1,0.818,1.2,1.3,2.5,0.2,0.4,0.4,0.5,1.2,2.6,WNBA,  WAS,F,25,"$73,000  ",
Kiah Stokes,22,22,601,2.3,6.2,0.37200000000000005,0.9,3.9,0.235,1.4,2.4,0.596,0.2,0.3,0.5710000000000001,1.3,5.4,6.7,1.2,0.5,1.2,1.3,2.0,5.7,WNBA,  NY,C,28,"$71,633  ",
Sabrina Ionescu,3,3,80,6.3,14.0,0.452,2.3,6.7,0.35,4.0,7.3,0.545,3.3,3.3,1.0,0.7,4.0,4.7,4.0,0.7,0.0,4.3,1.3,18.3,WNBA,  NY,G,23,"$71,199  ",
Satou Sabally,16,14,450,4.2,11.4,0.368,0.8,4.1,0.19699999999999998,3.4,7.3,0.466,4.7,5.4,0.872,2.6,5.199999999999999,7.8,2.5,0.9,0.9,2.2,3.1,13.9,WNBA,  DAL,F,22,"$71,199  ",
Lauren Cox,14,1,183,1.3,3.1,0.419,0.2,0.4,0.5,1.1,2.6,0.405,0.8,1.1,0.733,0.7,2.5999999999999996,3.3,1.4,0.4,0.3,0.8,1.4,3.6,WNBA,  IND,F,23,"$71,199  ",
Chennedy Carter,16,16,406,6.6,14.0,0.473,0.8,2.0,0.375,5.9,12.0,0.49,3.4,4.2,0.821,0.5,1.7999999999999998,2.3,3.4,0.9,0.3,2.7,3.6,17.4,WNBA,  ATL,G,22,"$71,199  ",
Bria Holmes,18,4,291,1.9,5.4,0.35700000000000004,0.6,1.7,0.33299999999999996,1.4,3.8,0.368,0.4,0.7,0.667,0.7,1.1,1.8,1.1,0.7,0.3,1.0,0.9,4.9,WNBA,  LA,G,27,"$70,040  ",
Lindsay Allen,21,21,284,1.3,3.1,0.424,0.3,0.8,0.353,1.0,2.3,0.449,0.4,0.5,0.8,0.3,0.8,1.1,2.4,0.3,0.0,0.8,1.0,3.3,WNBA,  IND,G,26,"$70,040  ",
Kaela Davis,2,0,2,0.0,0.0,,0.0,0.0,,0.0,0.0,,0.0,0.0,,0.0,0.0,0.0,0.0,0.0,0.0,0.0,0.0,0.0,WNBA,  ATL,F,26,"$70,040  ",
Theresa Plaisance,13,0,90,0.8,2.2,0.379,0.4,1.3,0.294,0.5,0.9,0.5,0.4,0.5,0.833,0.2,0.8,1.0,0.1,0.4,0.2,0.2,1.5,2.5,WNBA,  WAS,F,28,"$70,040  ",
Astou Ndour,13,7,151,1.5,4.4,0.35100000000000003,0.5,1.9,0.24,1.1,2.5,0.43799999999999994,0.0,0.0,,1.0,1.9,2.9,0.5,0.2,0.5,0.5,2.2,3.5,WNBA,  CHI,C,26,"$70,040  ",
Alexis Prince,2,0,16,1.5,2.5,0.6,1.0,1.5,0.667,0.5,1.0,0.5,0.0,0.0,,1.0,0.5,1.5,0.0,0.0,0.5,0.0,0.5,4.0,WNBA,  CHI,G,27,"$70,040  ",
Seimone Augustus,21,0,332,2.6,5.2,0.491,0.6,1.0,0.545,2.0,4.2,0.47700000000000004,0.2,0.3,0.667,0.1,1.7,1.8,1.2,0.6,0.1,0.4,1.0,5.9,WNBA,  LA,G,36,"$70,040  ",
Nia Coffey,15,1,230,1.1,2.5,0.42100000000000004,0.5,1.4,0.33299999999999996,0.6,1.1,0.529,0.1,0.4,0.16699999999999998,0.3,2.2,2.5,0.8,0.3,0.3,0.5,2.0,2.7,WNBA,  LA,F,25,"$70,040  ",
Bella Alarie,22,3,309,1.1,3.0,0.364,0.0,0.6,0.077,1.0,2.4,0.434,0.5,0.5,0.833,1.0,1.9,2.9,0.5,0.6,0.8,0.5,1.6,2.7,WNBA,  DAL,G,22,"$68,339  ",
Tyasha Harris,21,3,412,2.6,6.0,0.433,0.9,2.7,0.33899999999999997,1.7,3.4,0.507,0.7,1.0,0.636,0.0,1.2,1.2,2.7,0.9,0.1,0.9,1.7,6.8,WNBA,  DAL,G,22,"$68,339  ",
Mikiah Herbert Harrigan,21,0,234,1.4,3.9,0.366,0.7,1.6,0.424,0.8,2.3,0.327,0.2,0.3,0.7140000000000001,0.7,1.5999999999999999,2.3,0.3,0.4,0.4,0.7,1.0,3.8,WNBA,  SEA,F,22,"$68,339  ",
Ruthy Hebard,22,6,320,2.6,3.9,0.682,0.0,0.0,,2.6,3.9,0.682,0.4,0.5,0.75,0.8,3.0999999999999996,3.9,0.3,0.5,0.4,0.7,1.6,5.7,WNBA,  CHI,F,22,"$68,339  ",
Jazmine Jones,20,2,428,3.5,8.6,0.40399999999999997,0.8,2.3,0.33299999999999996,2.7,6.3,0.429,3.2,4.0,0.7879999999999999,0.9,3.1999999999999997,4.1,2.3,1.4,0.5,2.9,3.0,10.8,WNBA,  NY,G,24,"$65,459  ",
Jocelyn Willoughby,22,5,383,1.8,5.0,0.358,0.7,1.7,0.405,1.1,3.3,0.33299999999999996,1.6,1.9,0.833,0.7,1.7,2.4,0.9,0.7,0.3,1.5,2.3,5.8,WNBA,  NY,F,23,"$65,459  ",
Megan Walker,18,0,205,1.4,4.3,0.321,0.3,2.4,0.14,1.1,1.9,0.5429999999999999,0.2,0.3,0.6,0.6,0.9,1.5,0.3,0.2,0.0,0.4,0.8,3.3,WNBA,  PHX,F,22,"$65,459  ",
